{"cameraMode":{"drawMode":0,"name":"Shaded","section":"Shading Mode"},"sceneLighting":true,"audioPlay":false,"sceneViewState":{"showFog":true,"showMaterialUpdate":false,"showSkybox":true,"showFlares":true,"showImageEffects":true,"showParticleSystems":true},"in2DMode":false,"pivot":{"x":-0.6349730491638184,"y":1.2935580015182496,"z":0.12654566764831544},"rotation":{"x":-0.013045228086411953,"y":0.7126899361610413,"z":0.013259475119411946,"w":0.7012342810630798},"size":2.9925003051757814,"orthographic":false}