{"cameraMode":{"drawMode":0,"name":"Shaded","section":"Shading Mode"},"sceneLighting":true,"audioPlay":false,"sceneViewState":{"showFog":true,"showMaterialUpdate":false,"showSkybox":true,"showFlares":true,"showImageEffects":true,"showParticleSystems":true},"in2DMode":false,"pivot":{"x":0.1759026050567627,"y":-0.7497096061706543,"z":-0.19243812561035157},"rotation":{"x":-0.07994317263364792,"y":0.9094908237457275,"z":-0.35171210765838625,"w":-0.20672495663166047},"size":5.657054901123047,"orthographic":false}